pmid	year	title	journal	affiliation	country
27934951	2016	Biological marks of early-life socioeconomic experience is detected in the adult inflammatory transcriptome.	Scientific reports	Department of Epidemiology and Biostatistics, School of Public Health, Imperial College London, Norfolk Place, W2 1PG London, UK.	England
27924190	2016	Network analysis of human post-mortem microarrays reveals novel genes, microRNAs, and mechanistic scenarios of potential importance in fighting huntington's disease.	Computational and structural biotechnology journal	Center for the Study of Biological Complexity, Virginia Commonwealth University, Richmond, VA, USA.	Sweden
27922821	2016	Identification of Salvia haenkei as gerosuppressant agent by using an integrated senescence-screening assay.	Aging	Laboratory for Research and Development in Aging, Atrahasis S.r.l., 00189 Rome, Italy.	United States
27902488	2016	What influences preneoplastic colorectal lesion recurrence?	Oncotarget	Biosciences Laboratory, Istituto Scientifico Romagnolo per lo Studio e la Cura dei Tumori (IRST) IRCCS, Meldola (FC), Italy.	United States
27859320	2016	Advanced literature analysis in a Big Data world.	Annals of the New York Academy of Sciences	Department of Genomics Research, R&amp;D Solutions, Rockville, Maryland.	United States
27857161	2016	Gene expression profiling of breast cancer in Lebanese women.	Scientific reports	Department of Biochemistry and Molecular Genetics, American University of Beirut Medical Center, Beirut, Lebanon.	England
27849428	2016	Germline polymorphisms of the VEGF-pathway predict recurrence in non-advanced differentiated thyroid cancer.	The Journal of clinical endocrinology and metabolism	1 IOS &amp; COLEMAN Srl, Naples, Italy.	United States
27614411	2016	Synthesis and biological evaluation of new aryl-alkyl(alkenyl)-4-benzylpiperidines, novel Sigma Receptor (SR) modulators, as potential anticancer-agents.	European journal of medicinal chemistry	Department of Drug Sciences, Medicinal Chemistry and Pharmaceutical Technology Section, University of Pavia, Viale Taramelli 6 and 12, 27100, Pavia, Italy; Department of Pharmaceutical Chemistry, University of Vienna, Althanstrasse 14, 1090, Vienna, Austria.	France
27755239	2016	Pathophysiology of cardiotoxicity from target therapy and angiogenesis inhibitors.	Journal of cardiovascular medicine (Hagerstown, Md.)	aDivision of Cardiology, Istituto Nazionale per lo Studio e la Cura dei Tumor 'Fondazione Giovanni Pascale' - IRCCS bCEINGE Biotecnologie Avanzate S.C.A.R.L cDepartment of Breast Surgery and Cancer Prevention, Istituto Nazionale per lo Studio e la Cura dei Tumori 'Fondazione Giovanni Pascale' - IRCCS dDepartment of Molecular Medicine and Medical Biotechnology, University 'Federico II' eDepartment of Senology, Division of Breast Oncology Istituto Nazionale per lo Studio e la Cura dei Tumori 'Fondazione Giovanni Pascale' - IRCCS, Naples fClinic of Cardiovascular Diseases, IRCCS San Martino IST, Genoa gDepartment of Medical Sciences 'Mario Aresu', University of Cagliari, Cagliari, Italy.	United States
27708692	2016	In silico profiling for secondary metabolites from Lepidium meyenii (maca) by the pharmacophore and ligand-shape-based joint approach.	Chinese medicine	Institute of Medicinal Plant Development, Chinese Academy of Medical Sciences, Peking Union Medical College, 151 Malianwa N, Haidian District, Beijing, 100193 China ; Key Laboratory of Bioactive Substances and Resources Utilization of Chinese Herbal Medicine, Ministry of Education, Beijing, 100193 China.	England
27698885	2016	RANKL: A promising circulating marker for bone metastasis response.	Oncology letters	Osteoncology and Rare Tumors Center, Istituto Scientifico Romagnolo per lo Studio e la Cura dei Tumori (IRST) IRCCS, I-47014 Meldola, Italy.	Greece
27653868	2016	Biomarkers of migraine: Part 1 - Genetic markers.	Journal of the neurological sciences	Faculty of Biology, Lomonosov Moscow State University, Moscow, Russia.	Netherlands
27574401	2016	Novel glyoxalase-I inhibitors possessing a &quot;zinc-binding feature&quot; as potential anticancer agents.	Drug design, development and therapy	Department of Medicinal Chemistry and Pharmacognosy.	New Zealand
27536272	2016	Differential Biphasic Transcriptional Host Response Associated with Coevolution of Hemagglutinin Quasispecies of Influenza A Virus.	Frontiers in microbiology	Research Group Systems Biology and Bioinformatics, Leibniz Institute for Natural Product Research and Infection Biology - Hans Knoell InstituteJena, Germany; Department of Virology and Antiviral Therapy, Jena University HospitalJena, Germany.	Switzerland
27528625	2016	Androgen receptor signaling pathways as a target for breast cancer treatment.	Endocrine-related cancer	Department of Medical OncologyIstituto Scientifico Romagnolo per lo Studio e la Cura dei Tumori (IRST) IRCCS, Meldola, Forlì-Cesena, Italy.	England
27497640	2016	The effects of Qi Teng Xiao Zhuo granules, traditional Chinese medicine, on the expression of genes in chronic glomerulonephritis rats.	Journal of ethnopharmacology	Department of Pharmacy, The First Affiliated Hospital of Anhui University of Chinese Medicine, 117 Meishan Road, Hefei 230031, China. Electronic address: zyfygjr2006@163.com.	Ireland
27494886	2016	Healthy CD4+ T lymphocytes are not affected by targeted therapies against the PI3K/Akt/mTOR pathway in T-cell acute lymphoblastic leukemia.	Oncotarget	Department of Morphology, Surgery and Experimental Medicine, University of Ferrara, Ferrara, Italy.	United States
27328024	2016	Forkhead box O member FOXO1 regulates the majority of follicle-stimulating hormone responsive genes in ovarian granulosa cells.	Molecular and cellular endocrinology	School of Molecular Biosciences and the Center for Reproductive Biology, Washington State University, Pullman WA 99163, USA. Electronic address: mkmeyer@vetmed.wsu.edu.	United States
27294148	2016	Mouse Models in Prostate Cancer Translational Research: From Xenograft to PDX.	BioMed research international	Animal Facility Unit, Department of Experimental Oncology, Istituto Nazionale per lo Studio e la Cura dei Tumori &quot;Fondazione G. Pascale&quot;, IRCCS, 80131 Naples, Italy.	United States
27269583	2016	Searching the literature for proteins facilitates the identification of biological processes, if advanced methods of analysis are linked: a case study on microgravity-caused changes in cells.	Expert review of proteomics	a Informationsvermittlung , Max-Planck Institute for Biochemistry , Martinsried , Germany.	England
27261558	2016	Resokaempferol-mediated anti-inflammatory effects on activated macrophages via the inhibition of JAK2/STAT3, NF-κB and JNK/p38 MAPK signaling pathways.	International immunopharmacology	Research Studio of Integration of Traditional and Western Medicine, First Hospital, Peking University, Beijing 100034, China.	Netherlands
27233742	2016	Maternal alterations in the proteome of the medial prefrontal cortex in rat.	Journal of proteomics	MTA-ELTE NAP B Laboratory of Molecular and Systems Neurobiology, Department of Physiology and Neurobiology, Institute of Biology, Hungarian Academy of Sciences and Eötvös Loránd University, Budapest, Hungary.	Netherlands
27209164	2016	BEVERLY: Rationale and Design of a Randomized Open-Label Phase III Trial Comparing Bevacizumab Plus Erlotinib Versus Erlotinib Alone as First-Line Treatment of Patients With EGFR-Mutated Advanced Nonsquamous Non-Small-Cell Lung Cancer.	Clinical lung cancer	Division of Medical Oncology, S.G. Moscati Hospital, Avellino, Italy. Electronic address: cgridelli@libero.it.	United States
27183521	2016	Pathophysiology of cardiotoxicity from target therapy and angiogenesis inhibitors.	Journal of cardiovascular medicine (Hagerstown, Md.)	aDivision of Cardiology, Istituto Nazionale per lo Studio e la Cura dei Tumor 'Fondazione Giovanni Pascale' - IRCCS bCEINGE Biotecnologie Avanzate S.C.A.R.L cDepartment of Breast Surgery and Cancer Prevention, Istituto Nazionale per lo Studio e la Cura dei Tumori 'Fondazione Giovanni Pascale' - IRCCS dDepartment of Molecular Medicine and Medical Biotechnology, University 'Federico II' eDepartment of Senology, Division of Breast Oncology Istituto Nazionale per lo Studio e la Cura dei Tumori 'Fondazione Giovanni Pascale' - IRCCS, Naples fClinic of Cardiovascular Diseases, IRCCS San Martino IST, Genoa gDepartment of Medical Sciences 'Mario Aresu', University of Cagliari, Cagliari, Italy.	United States
27070589	2016	Pathways Regulating Spheroid Formation of Human Follicular Thyroid Cancer Cells under Simulated Microgravity Conditions: A Genetic Approach.	International journal of molecular sciences	Plastic, Aesthetic and Hand Surgery, Otto-von-Guericke University Clinic, Leipziger Str. 44, 39120 Magdeburg, Germany. stefan.riwaldt@med.ovgu.de.	Switzerland
27015814	2016	Targeting CXCR4 by a selective peptide antagonist modulates tumor microenvironment and microglia reactivity in a human glioblastoma model.	Journal of experimental &amp; clinical cancer research : CR	Department of Cell Biology and Neurosciences, Istituto Superiore di Sanità, Rome, Italy.	England
26934559	2016	CXCR4/CXCL12/CXCR7 axis is functional in neuroendocrine tumors and signals on mTOR.	Oncotarget	Molecolar Immunology and Immuneregulation, Istituto Nazionale per lo Studio e la Cura dei Tumori - IRCCS Naples &quot;Fondazione G. Pascale&quot;, Naples, Italy.	United States
26919063	2016	Schizandrin A Inhibits Microglia-Mediated Neuroninflammation through Inhibiting TRAF6-NF-κB and Jak2-Stat3 Signaling Pathways.	PloS one	Research Studio of Integration of Traditional and Western Medicine, First Hospital, Peking University, Beijing, 100034, China.	United States
26900251	2016	Role of bimodal stimulation for auditory-perceptual skills development in children with a unilateral cochlear implant.	Acta otorhinolaryngologica Italica : organo ufficiale della Societa italiana di otorinolaringologia e chirurgia cervico-facciale	Audiology-Otology Unit and Cochlear Implant Referral Center, &quot;Bambino Gesù&quot; Pediatric Hospital, Rome, Italy.	Italy
26893366	2016	Early onset of hypertension and serum electrolyte changes as potential predictive factors of activity in advanced HCC patients treated with sorafenib: results from a retrospective analysis of the HCC-AVR group.	Oncotarget	Department of Medical Oncology, Istituto Scientifico Romagnolo per lo Studio e Cura dei Tumori (IRST) IRCCS, Meldola, Italy.	United States
26884679	2016	Toward Signaling-Driven Biomarkers Immune to Normal Tissue Contamination.	Cancer informatics	Department of Mathematics and Statistics, The College of New Jersey, Ewing, NJ, USA.	United States
26884398	2016	Inositol 1,4,5-trisphosphate (IP3)-dependent Ca2+ signaling mediates delayed myogenesis in Duchenne muscular dystrophy fetal muscle.	Development (Cambridge, England)	Laboratorio di Cellule Staminali, Dipartimento di Fisiopatologia medico-chirurgica e dei Trapianti, Università degli Studi di Milano, Fondazione IRCCS Cà Granda Ospedale Maggiore Policlinico, Milano, Centro Dino Ferrari, Via Francesco Sforza 35, Milan 20122, Centro Dino Ferrari, Italy.	England
26784894	2016	Network Topology Analysis of Post-Mortem Brain Microarrays Identifies More Alzheimer's Related Genes and MicroRNAs and Points to Novel Routes for Fighting with the Disease.	PloS one	Center for the Study of Biological Complexity, Virginia Commonwealth University, Richmond, Virginia, United States of America.	United States
26769568	2016	Cholangiocarcinoma: Current opinion on clinical practice diagnostic and therapeutic algorithms: A review of the literature and a long-standing experience of a referral center.	Digestive and liver disease : official journal of the Italian Society of Gastroenterology and the Italian Association for the Study of the Liver	Haematological and Oncological Institute, Department of Experimental, Diagnostic and Specialty Medicine, St. Orsola-Malpighi Hospital, University of Bologna, Bologna, Italy. Electronic address: giovanni.brandi@unibo.it.	Netherlands
26756219	2016	The dual targeting of insulin and insulin-like growth factor 1 receptor enhances the mTOR inhibitor-mediated antitumor efficacy in hepatocellular carcinoma.	Oncotarget	Dipartimento di Medicina Clinica e Chirurgia, Università &quot;Federico II&quot; di Napoli, Naples, Italy.	United States
26715436	2015	Surgery has a key role for quality assurance of colorectal cancer screening programs: impact of the third level multidisciplinary team on lymph nodal staging.	International journal of colorectal disease	Department of Surgical Oncology, Istituto Nazionale per lo studio e la cura dei tumori &quot;Fondazione Giovanni Pascale&quot; - IRCCS, Via M. Semmola, 80131, Naples, Italy. bianco.bar@tin.it.	Germany
26713270	2015	The antitumor effect of tanshinone IIA on anti-proliferation and decreasing VEGF/VEGFR2 expression on the human non-small cell lung cancer A549 cell line.	Acta pharmaceutica Sinica. B	Department of Traditional Chinese Medicine, The First Affiliated Hospital, Sun Yat-sen University, Guangzhou 510080, China.	Netherlands
26668321	2015	Suppressor of Cytokine Signaling-3 (SOCS-3) Induces Proprotein Convertase Subtilisin Kexin Type 9 (PCSK9) Expression in Hepatic HepG2 Cell Line.	The Journal of biological chemistry	From the Dipartimento di Scienze Farmacologiche e Biomolecolari, Università degli Studi di Milano, 20133 Milan, Italy.	United States
26633368	2015	Cytidine 5'-Diphosphocholine (Citicoline) in Glaucoma: Rationale of Its Use, Current Evidence and Future Perspectives.	International journal of molecular sciences	IRCCS-Fondazione GB Bietti, Via Livenza, 3, 00198 Rome, Italy. gloriaroberti82@gmail.com.	Switzerland
26633361	2015	The Importance of Caveolin-1 as Key-Regulator of Three-Dimensional Growth in Thyroid Cancer Cells Cultured under Real and Simulated Microgravity Conditions.	International journal of molecular sciences	Plastic, Aesthetic and Hand Surgery, Otto-von-Guericke University Clinic, Leipziger Str. 44, 39120 Magdeburg, Germany. stefan.riwaldt@med.ovgu.de.	Switzerland
26618332	2015	Optic nerve head and fibre layer imaging for diagnosing glaucoma.	The Cochrane database of systematic reviews	Ophthalmology, Fondazione G.B. Bietti per lo studio e la ricerca in Oftalmolologia-IRCCS, Via Livenza n 3, Rome, Italy, 00198.	United States
26550070	2015	Positive impact of elastography in breast cancer diagnosis: an institutional experience.	Journal of ultrasound	Department of Clinical and Molecular Medicine, Faculty of Medicine and Psychology, Sant'Andrea Hospital, &quot;La Sapienza&quot; University of Rome, Via di Grottarossa, 1035/1039, 00189 Rome, Italy.	Italy
26500507	2015	OFF bipolar cells in macaque retina: type-specific connectivity in the outer and inner synaptic layers.	Frontiers in neuroanatomy	Studio Retina, Satonaka Nishinomiya, Japan ; Department of Biology, Hyogo College of Medicine Nishinomiya, Japan.	Switzerland
26483598	2015	Inhibition on JAK-STAT3 Signaling Transduction Cascade Is Taken by Bioactive Peptide Alpha-S2 Casein Protein from Goat Ethawah Breed Milk.	Acta informatica medica : AIM : journal of the Society for Medical Informatics of Bosnia &amp; Herzegovina : casopis Drustva za medicinsku informatiku BiH	Department of Biology, Faculty of Science, Brawijaya University, Jl. Veteran, Malang 65145, East Java, Indonesia.	Bosnia and Herzegovina
26444005	2015	Functional characterization of biodegradable nanoparticles as antigen delivery system.	Journal of experimental &amp; clinical cancer research : CR	Laboratoy Molecular Biology and Viral Oncology, Department of Experimental Oncology, Istituto Nazionale per lo Studio e la Cura dei Tumori &quot;Fondazione Pascale&quot; - IRCCS, Via Mariano Semmola 142, 80131, Naples, Italy.	England
26423026	2015	Natural small molecule FMHM inhibits lipopolysaccharide-induced inflammatory response by promoting TRAF6 degradation via K48-linked polyubiquitination.	Scientific reports	State Key Laboratory of Natural and Biomimetic Drugs, School of Pharmaceutical Sciences, Peking University, Beijing 100191, China.	England
26334717	2015	Understanding of real alternative redox partner of Streptomyces peucetius DoxA: Prediction and validation using in silico and in vitro analyses.	Archives of biochemistry and biophysics	Department of Pharmaceutical Engineering, SunMoon University, #100, Kalsan-ri, Tangjeong-myeon, Asansi, Chungnam 336-708, Republic of Korea.	United States
26317699	2015	Transcriptome Analysis of the Preterm Rabbit Lung after Seven Days of Hyperoxic Exposure.	PloS one	University Hospitals Leuven, Department of Pediatrics, Leuven, Belgium.	United States
26279084	2015	Bioinformatics Annotation of Human Y Chromosome-Encoded Protein Pathways and Interactions.	Journal of proteome research	Department of Animal Science and Technology, Chung-Ang University , Anseong, Gyeonggi-Do 456-756, Republic of Korea.	United States
26245675	2015	Prospective Biomarker Analysis of the Randomized CHER-LOB Study Evaluating the Dual Anti-HER2 Treatment With Trastuzumab and Lapatinib Plus Chemotherapy as Neoadjuvant Therapy for HER2-Positive Breast Cancer.	The oncologist	Department of Surgery, Oncology and Gastroenterology, University of Padua, Padua, Italy; Division of Medical Oncology 2, Istituto Oncologico Veneto Istituto di Ricovero e Cura a Carattere Scientifico (IRCCS), Padua, Italy; Division of Oncology, University Hospital, Ferrara, Italy; Division of Pathology, Modena University Hospital, Modena, Italy; Center for Genome Research, University of Modena and Reggio Emilia, Modena, Italy; Unità Operativa Multidisciplinare di Patologia Mammaria, Azienda Ospedaliera Istituti Ospitalieri di Cremona, Cremona, Italy; Division of Medical Oncology, Ramazzini Hospital, Carpi, Italy; Department of Medical Oncology, Azienda Ospedaliera ASMN, IRCCS, Reggio Emilia, Italy; Division of Medical Oncology, Istituto Scientifico Romagnolo per lo Studio e la Cura dei Tumori IRCCS, Meldola, Italy; Division of Medical Oncology, University Hospital, Parma, Italy; GlaxoSmithKline, Collegeville, Pennsylvania, USA.	United States
26199389	2015	Molecular Pathways: Targeting the CXCR4-CXCL12 Axis--Untapped Potential in the Tumor Microenvironment.	Clinical cancer research : an official journal of the American Association for Cancer Research	Molecular Immunology, Functional Genomics, Istituto Nazionale per lo Studio e la Cura dei Tumori, &quot;Fondazione G. Pascale,&quot; IRCCS, Napoli, Italy. s.scala@istitutotumori.na.it scalaste@gmail.com.	United States
26108555	2015	Typical and atypical lymphatic flows in breast carcinoma.	Annali italiani di chirurgia	NA	Italy
26071688	2015	Biotransformation of β-hexachlorocyclohexane by the saprotrophic soil fungus Penicillium griseofulvum.	Chemosphere	Laboratorio Biodiversità dei Funghi, Dipartimento di Biologia Ambientale, Sapienza Università di Roma, Rome 00185, Italy.	England
26043662	2015	Effective virtual screening strategy focusing on the identification of novel Bruton's tyrosine kinase inhibitors.	Journal of molecular graphics &amp; modelling	State Key Laboratory of Natural Medicines, Jiangsu Key Laboratory of Drug Discovery for Metabolic Diseases, Center of Drug Discovery, China Pharmaceutical University, Nanjing 210009, China.	United States
26042666	2015	Putative regulatory factors associated with intramuscular fat content.	PloS one	Department of Animal Science, University of São Paulo, Piracicaba, SP, 13418-900, Brazil.	United States
26020309	2015	Transcript profiles in longissimus dorsi muscle and subcutaneous adipose tissue: a comparison of pigs with different postweaning growth rates.	Journal of animal science	NA	United States
26010865	2015	Genome-wide transcriptome directed pathway analysis of maternal pre-eclampsia susceptibility genes.	PloS one	Department of Perinatal Medicine, Pregnancy Research Centre and The University of Melbourne, Department of Obstetrics and Gynaecology, The Royal Women's Hospital, Locked Bag 300, Corner Grattan Street and Flemington Road, Parkville, 3052, Victoria, Australia.	United States
25972604	2015	Exosome-mediated transfer of microRNAs within the tumor microenvironment and neuroblastoma resistance to chemotherapy.	Journal of the National Cancer Institute	Children's Center for Cancer and Blood Diseases and The Saban Research Institute, Children's Hospital Los Angeles, Los Angeles, CA; and Departments of Pediatrics and Molecular Microbiology &amp; Immunology, Norris Comprehensive Cancer Center, Keck School of Medicine, University of Southern California, Los Angeles, CA (KBC, PMW, PN, HC, MM, MF); Division of Medical Oncology, Department of Internal Medicine, University of Southern California Keck School of Medicine and Norris Comprehensive Cancer Center, Los Angeles, CA (TX, AG); Division of Hematology/Oncology, Children's Hospital Los Angeles, Los Angeles, CA (RK, MH, AJ, RCS, SA); Departments of Experimental Therapeutics and Leukemia and The Center for RNA interference and Non-Coding RNAs, The University of Texas MD Anderson Cancer Center, Houston, TX (CI, GAC); Department of Gynecologic Oncology and Reproductive Medicine and The Center for RNA interference and Non-Coding RNAs, The University of Texas MD Anderson Cancer Center, Houston, TX (XZ); Istituto Scientifico Romagnolo per lo Studio e la Cura dei Tumori (IRST) s.r.l., IRCCS, Gene Therapy Unit, Meldola (FC) 47014, Italy (IV, FF, DA); Department of Pathology and Laboratory Medicine, Children's Hospital Los Angeles, University of Southern California Keck School of Medicine, Los Angeles, CA (HS, SA).	United States
25924610	2015	Transcriptional profiling of PRKG2-null growth plate identifies putative down-stream targets of PRKG2.	BMC research notes	Department of Animal Science, Iowa State University, 2255 Kildee Hall, Ames, IA, 50011, USA. jekoltes@iastate.edu.	England
25886259	2015	Proteomic analysis of fetal programming-related obesity markers.	Proteomics	Department of Obstetrics and Gynecology, Ewha Womans University, Seoul, South Korea.	Germany
25881313	2015	ANDSystem: an Associative Network Discovery System for automated literature mining in the field of biology.	BMC systems biology	NA	England
25879409	2015	Molecular association of pathogenetic contributors to pre-eclampsia (pre-eclampsia associome).	BMC systems biology	NA	England
25860498	2015	Anti-proliferative, apoptotic and signal transduction effects of hesperidin in non-small cell lung cancer cells.	Cellular oncology (Dordrecht)	Institute of Experimental Medical Research, Department of Molecular Medicine, Istanbul University, Capa, Istanbul, Turkey.	Netherlands
25817079	2015	A modified pathway of perineal packing in patients requiring surgery for perineal fistulas with extensive perineal involvement.	Annali italiani di chirurgia	NA	Italy
25690601	2015	NA	Palliative medicine	Palliative Care Unit, IRCCS Arcispedale S. Maria Nuova, Reggio Emilia, Italy Silvia.DiLeo@asmn.re.it.	United Kingdom
25683910	2015	Cellular processes involved in human epidermal cells exposed to extremely low frequency electric fields.	Cellular signalling	Laboratoire de Recherche en Orthopédie Traumatologie (LROT), Hôpital Erasme - Université Libre de Bruxelles (ULB), Brussels, Belgium. Electronic address: jcollard@ulb.ac.be.	England
25676331	2015	Anti-Neuroinflammatory Effect of MC13, a Novel Coumarin Compound From Condiment Murraya, Through Inhibiting Lipopolysaccharide-Induced TRAF6-TAK1-NF-κB, P38/ERK MAPKS and Jak2-Stat1/Stat3 Pathways.	Journal of cellular biochemistry	State Key Laboratory of Natural and Biomimetic Drugs, School of Pharmaceutical Sciences, Peking University, Beijing, 100191, China.	United States
25657114	2015	Protosappanin B protects PC12 cells against oxygen-glucose deprivation-induced neuronal death by maintaining mitochondrial homeostasis via induction of ubiquitin-dependent p53 protein degradation.	European journal of pharmacology	State Key Laboratory of Natural and Biomimetic Drugs, School of Pharmaceutical Sciences, Peking University, Beijing 100191, China.	Netherlands
25345515	2014	Identification of potent caspase-3 inhibitors for treatment of multi- neurodegenerative diseases using pharmacophore modeling and docking approaches.	CNS &amp; neurological disorders drug targets	Department of Biosciences, Integral University, Lucknow, India. mohdhassanbaig@gmail.com.	United Arab Emirates
25330896	2014	Hg-responsive proteins identified in wheat seedlings using iTRAQ analysis and the role of ABA in Hg stress.	Journal of proteome research	The Collaborative Innovation Center of Henan Grain Crops, Henan Agricultural University , Zhengzhou, 450002, China.	United States
25315394	2014	A comprehensive proteomic approach to identifying capacitation related proteins in boar spermatozoa.	BMC genomics	Department of Animal Science &amp; Technology, Chung-Ang University, Anseong, Gyeonggi-do 456-756, Republic of Korea. mgpang@cau.ac.kr.	England
25309378	2014	The different maturation of the corticospinal tract and corticoreticular pathway in normal brain development: diffusion tensor imaging study.	Frontiers in human neuroscience	Department of Physical Therapy, College of Health Sciences, Dankook University Cheonan, South Korea.	Switzerland
25309346	2014	Some OFF bipolar cell types make contact with both rods and cones in macaque and mouse retinas.	Frontiers in neuroanatomy	Studio Retina Nishinomiya, Japan ; Department of Biology, Hyogo College of Medicine Nishinomiya, Japan.	Switzerland
25241036	2014	NA	Nature cell biology	Department of Molecular Biology, Princeton University, Princeton, New Jersey 08544, USA.	United States
25229777	2014	Gene expression and pathway analysis of effects of the CMAH deactivation on mouse lung, kidney and heart.	PloS one	Department of Animal Biotechnology, Konkuk University, Seoul, South Korea.	United States
25223855	2014	Diagnosis and prognosis of male infertility in mammal: the focusing of tyrosine phosphorylation and phosphotyrosine proteins.	Journal of proteome research	Department of Animal Science &amp; Technology, Chung-Ang University , Anseong, Gyeonggi-do 456-756, Republic of Korea.	United States
25149502	2014	Biological network inferences for a protection mechanism against familial Creutzfeldt-Jakob disease with E200K pathogenic mutation.	BMC medical genomics	Division of Zoonoses, Center for Immunology and Pathology, National Institute of Health, Korea Center for Disease Control and Prevention, Cheongju-si 363-700, Korea. tenksy@korea.kr.	England
25144716	2014	Sialidase NEU4 is involved in glioblastoma stem cell survival.	Cell death &amp; disease	Department of Medical Biotechnology and Translational Medicine, University of Milan, Segrate (Milan), Italy.	England
25064608	2014	Induction of hepatoma carcinoma cell apoptosis through activation of the JNK-nicotinamide adenine dinucleotide phosphate (NADPH) oxidase-ROS self-driven death signal circuit.	Cancer letters	State Key Laboratory of Natural and Biomimetic Drugs, School of Pharmaceutical Sciences, Peking University, Beijing 100191, China.	Ireland
25004002	2014	Ventricular-vascular coupling in hypertension: methodological considerations and clinical implications.	Journal of cardiovascular medicine (Hagerstown, Md.)	aCardiologia, Azienda Ospedaliero-Universitaria di Sassari, Sassari bDepartment of Cardiovascular Diseases, University of Siena, Siena cCardiovascular Disease Section, Department of Emergency and Organ Transplantation, University of Bari, Bari dAS Department of Cardiology, Brindisi District eDepartment of Clinical and Experimental Medicine, University of Florence, Florence fClinica Medica, Department of Clinical and Experimental Sciences, University of Brescia, Brescia gDepartment of Internal Medicine and Cardiovascular Diseases, Palermo hDipartimento di Patologia Chirurgica, Medica, Molecolare e dell'Area Critica, Università di Pisa, Pisa, Italy.	United States
24991762	2014	CXCR4 and CXCR7 transduce through mTOR in human renal cancer cells.	Cell death &amp; disease	Istituto Nazionale per lo Studio e la Cura dei Tumori, Fondazione &quot;Giovanni Pascale&quot;-IRCCS-ITALY, Naples, Italy.	England
24989895	2014	Novel application of multi-stimuli network inference to synovial fibroblasts of rheumatoid arthritis patients.	BMC medical genomics	Leibnitz Institute for Natural Product Research and Infection Biology - Hans-Knöll-Institute, Beutenbergstr, 11a, 07745 Jena, Germany. peter.kupfer@hki-jena.de.	England
24972172	2014	QSAR models for degradation of organic pollutants in ozonation process under acidic condition.	Chemosphere	School of Environmental Science and Engineering, Shanghai Jiao Tong University, 800 Dongchuan Road, Shanghai 200240, China.	England
24877140	2014	Calcium influx and male fertility in the context of the sperm proteome: an update.	BioMed research international	Department of Animal Science and Technology, Chung-Ang University, 4726 Seodong-daero, Anseong, Gyeonggi-Do 456-756, Republic of Korea.	United States
24846085	2014	Italian Study on Depressive Disorders (STudio Italiano MAlattia Depressiva, or STIMA-D): a nationwide snapshot of the status of treatment for major depression.	Pharmacopsychiatry	University of Catania, Department of Clinical and Molecular Biomedicine, Psychiatry Unit, Catania, Italy.	Germany
24835295	2014	Statins and skeletal muscles toxicity: from clinical trials to everyday practice.	Pharmacological research	Department of Pharmacological and Biomolecular Sciences, University of Milan, Italy; Center for the Study of Atherosclerosis, Società Italiana Studio Aterosclerosi, Bassini Hospital, Cinisello Balsamo, Italy.	Netherlands
24805056	2014	Cripto haploinsufficiency affects in vivo colon tumor development.	International journal of oncology	Institute of Genetics and Biophysics 'Adriano Buzzati-Traverso' (IGB), Consiglio Nazionale delle Ricerche (CNR), 80131 Naples, Italy.	Greece
24754449	2014	Advances in the biotechnology of hydrogen production with the microalga Chlamydomonas reinhardtii.	Critical reviews in biotechnology	a Sede di Firenze, Via Madonna del Piano, Istituto per lo Studio degli Ecosistemi , Sesto Fiorentino , Italy .	England
24739067	2014	Conserved residues at the MAPKs binding interfaces that regulate transcriptional machinery.	Journal of biomolecular structure &amp; dynamics	a Tata Memorial Centre, Advanced Centre for Treatment, Research and Education in Cancer , Kharghar, Navi Mumbai 410 210 , Maharashtra , India.	England
24693967	2014	The sonic hedgehog-induced type 3 deiodinase facilitates tumorigenesis of basal cell carcinoma by reducing Gli2 inactivation.	Endocrinology	Department of Clinical Medicine Surgery (C.L., M.D.), University of Naples Federico II, 80131 Naples, Italy; Istituto di Ricovero e Cura a Carattere Scientifico Fondazione Studio di Diagnostica Nucleare (R.A.), 80142 Naples, Italy; Institute of Experimental Endocrinology and Oncology G. Salvatore-Consiglio Nazionale delle Ricerche (S.S.), 80131 Naples, Italy; Department of Dermatology and Comprehensive Cancer Center (A.A.D.), University of Michigan, Ann Arbor, Michigan 48109; and Centro di Ingegneria Genetica Biotecnologie Avanzate Scarl (C.M.), 80131 Naples, Italy.	United States
24690414	2014	Identification of rheumatoid arthritis and osteoarthritis patients by transcriptome-based rule set generation.	Arthritis research &amp; therapy	NA	England
24673814	2014	Potential molecular signatures in epithelial ovarian cancer by genome wide expression profiling.	Asia-Pacific journal of clinical oncology	Department of Physiology, Universiti Kebangsaan Malaysia, Kuala Lumpur, Malaysia.	Australia
24595241	2014	Comparative transcriptional profiling of three super-hybrid rice combinations.	International journal of molecular sciences	State Key Laboratory of Plant Genomics and National Center for Plant Gene Research, Institute of Genetics and Developmental Biology, Chinese Academy of Sciences, Beijing 100101, China. ygpeng@genetics.ac.cn.	Switzerland
24556040	2014	Dovitinib versus sorafenib for third-line targeted treatment of patients with metastatic renal cell carcinoma: an open-label, randomised phase 3 trial.	The Lancet. Oncology	Memorial Sloan-Kettering Cancer Center, New York, NY, USA. Electronic address: motzerr@mskcc.org.	England
24508774	2014	Targeting bone metastatic cancer: Role of the mTOR pathway.	Biochimica et biophysica acta	Department of Medicine, Universita' di Verona, Verona, Italy.	Netherlands
24454858	2014	EGFR, HER-2 and KRAS in canine gastric epithelial tumors: a potential human model?	PloS one	Veterinary Oncology Center, Sasso Marconi, Italy ; Medical Imaging, Faculty of Veterinary Medicine, Ghent University, Ghent, Belgium.	United States
24432175	2014	Acute abdominal pain in childhood and adolescence: assessing the impact of sonography on diagnosis and treatment.	Journal of ultrasound	Department of Diagnostic Imaging, Ospedale San Giuseppe Moscati, Aversa, Italy.	Italy
24369047	2013	Palbociclib (PD 0332991) : targeting the cell cycle machinery in breast cancer.	Expert opinion on pharmacotherapy	Istituto Scientifico Romagnolo per lo Studio e la Cura dei Tumori (IRST) IRCCS, Department of Medical Oncology , Meldola , Italy +39 0543 739100 ; +39 0543 739151 ; a.rocca@irst.emr.it.	England
24329533	2013	In silico evaluation for the potential naturally available drugs for breast cancer.	Journal of receptor and signal transduction research	Department of Biochemistry, St. Marys College , Hyderabad, Andhra Pradesh , India.	England
24324975	2013	Curcumin inhibits tumor growth and angiogenesis in an orthotopic mouse model of human pancreatic cancer.	BioMed research international	Istituto Nazionale per lo Studio e la Cura dei Tumori &quot;Fondazione G. Pascale&quot;, IRCCS, Via Mariano Semmola, 80131 Naples, Italy.	United States
24276257	2013	Virtual lead identification of farnesyltransferase inhibitors based on ligand and structure-based pharmacophore techniques.	Pharmaceuticals (Basel, Switzerland)	Department of Medicinal Chemistry and Pharmacognosy, Faculty of Pharmacy, Jordan University of Science and Technology, P.O. Box 3030, Irbid 22110, Jordan. qabalas@just.edu.jo.	Switzerland
24275941	2013	Genome-wide identification and expression analysis of the mitogen-activated protein kinase gene family from banana suggest involvement of specific members in different stages of fruit ripening.	Functional &amp; integrative genomics	National Botanical Research Institute, Council of Scientific and Industrial Research (CSIR-NBRI), Rana Pratap Marg, Lucknow, 226001, India.	Germany
24218216	2013	Elucidation of metabolic pathways from enzyme classification data.	Methods in molecular biology (Clifton, N.J.)	Trinity College, Dublin, Ireland.	United States
24157872	2013	Panobinostat synergizes with zoledronic acid in prostate cancer and multiple myeloma models by increasing ROS and modulating mevalonate and p38-MAPK pathways.	Cell death &amp; disease	Experimental Pharmacology Unit, Istituto Nazionale per lo Studio e la Cura dei Tumori 'Fondazione Giovanni Pascale'-IRCCS, Napoli, Italy.	England
24139708	2013	Liverpool Care Pathway for patients with cancer in hospital: a cluster randomised trial.	Lancet (London, England)	Palliative Care Unit, Istituto di Ricovero e Cura a Carattere Scientifico (IRCCS) Arcispedale S Maria Nuova, Reggio Emilia, Italy. Electronic address: costantini.massimo@asmn.re.it.	England
24114495	2013	Novel approaches in melanoma prevention and therapy.	Cancer treatment and research	Unit of Melanoma, Immunotherapy and Innovative Therapies, Istituto Nazionale per lo Studio e la Cura dei Tumori Fondazione G. Pascale, Via Mariano Semmola, 80131, Naples, Italy.	United States
24114491	2013	New perspective for an old antidiabetic drug: metformin as anticancer agent.	Cancer treatment and research	Experimental Pharmacology Unit, Istituto Nazionale per lo Studio e la Cura dei Tumori Fondazioni Giovanni Pascale - IRCCS, 80131, Naples, Italy.	United States
24099273	2013	Identification of potential target genes of butyrate in dimethylhydrazine-induced colorectal cancer in mice.	Nutrition and cancer	a Department of Gastroenterology and Hepatology, Renji Hospital, School of Medicine , Shanghai Jiao-Tong University , Shanghai , China.	United States
24012219	2013	Microarray analysis of gene expression alteration in human middle ear epithelial cells induced by micro particle.	International journal of pediatric otorhinolaryngology	Department of Otorhinolaryngology-Head and Neck Surgery, Dongguk University Ilsan Hospital, Goyang, Gyeonggi, Republic of Korea.	Ireland
23988477	2013	Molecular modeling and simulation of FabG, an enzyme involved in the fatty acid pathway of Streptococcus pyogenes.	Journal of molecular graphics &amp; modelling	Department of Biotechnology, Alagappa University, Karaikudi, Tamil Nadu, India.	United States
23961958	2013	Proteomic analysis of extremely severe hand, foot and mouth disease infected by enterovirus 71.	BMC infectious diseases	Guangzhou Women and Children′s Medical Center, Guangzhou 510120, Guangdong, China.	England
23749582	2013	Functional allocation of synaptic contacts in microcircuits from rods via rod bipolar to AII amacrine cells in the mouse retina.	The Journal of comparative neurology	Studio Retina, Satonaka, Nishinomiya, Hyogo, 663-8183, Japan; Department of Biology, Hyogo College of Medicine, Nishinomiya, Hyogo, 663-8501, Japan.	United States
23732292	2013	Molecular cloning and characterization of TNFSF14 (LIGHT) and its receptor TNFRSF14 (HVEM) in guinea pig (Cavia porcellus).	Gene	Jiangsu Province Key Laboratory for Molecular and Medical Biotechnology, Life Sciences College, Nanjing Normal University, Nanjing 210046, China.	Netherlands
23562747	2013	Leptin-cytokine crosstalk in breast cancer.	Molecular and cellular endocrinology	Department of Microbiology, Biochemistry and Immunology, Morehouse School of Medicine, Atlanta, GA 30310, United States. Electronic address: gnewman@msm.edu.	United States
23504501	2013	Discovery of potential targets of selenomethionine-mediated chemoprevention in colorectal carcinoma mouse model using proteomics analysis.	Carcinogenesis	Department of Life Science, Dongguk University-Seoul, 26 Pil-dong 3-ga, Jung-gu, Seoul 100-715, Republic of Korea.	England
26317099	2013	Gene Network Analysis in Amygdala following Taste Aversion Learning in Rats.	Neuroscience journal	Department of Pharmaceutical Sciences, College of Pharmacy, University of South Florida, 12901 Bruce B Downs Boulevard MDC030, Tampa, FL 33612, USA.	United States
24688734	2013	A network view on Parkinson's disease.	Computational and structural biotechnology journal	Center for the Study of Biological Complexity, Virginia Commonwealth University, United States.	Sweden
23145121	2012	Luteolin induces carcinoma cell apoptosis through binding Hsp90 to suppress constitutive activation of STAT3.	PloS one	Jiangsu Province Key Laboratory for Molecular and Medicine Biotechnology, College of Life Science, Nanjing Normal University, Nanjing, People's Republic of China.	United States
23142241	2012	Wogonin induces apoptosis in RPMI 8226, a human myeloma cell line, by downregulating phospho-Akt and overexpressing Bax.	Life sciences	Department of Pathology, The First Affiliated Hospital, Sun Yat-sen University, 58, Zhongshan Road II, Guangzhou 510080, China.	Netherlands
23012423	2012	MiR-494 is regulated by ERK1/2 and modulates TRAIL-induced apoptosis in non-small-cell lung cancer through BIM down-regulation.	Proceedings of the National Academy of Sciences of the United States of America	Fondazione Istituto di Ricovero e Cura a Carattere Scientifico (IRCCS) Studio di Diagnostica Nucleare (SDN), 80143 Naples, Italy.	United States
22944462	2012	Microbial cell components induced tolerance to flagellin-stimulated inflammation through Toll-like receptor pathways in intestinal epithelial cells.	Cytokine	Department of Pediatrics, University of Florida, 1600 SW Archer Road, Gainesville, FL 32610, USA.	United States
22926964	2012	Overexpression of genes of the fatty acid biosynthetic pathway leads to accumulation of sterols in Saccharomyces cerevisiae.	Yeast (Chichester, England)	Insilicogen Inc., Gyeonggi-do, Korea.	England
22850470	2012	Microarray profiling of secretory-phase endometrium from patients with recurrent miscarriage.	Reproductive biology	Department of Physiology, Faculty of Medicine, Universiti Kebangsaan Malaysia, Kuala Lumpur, Malaysia.	Poland
22831278	2012	Perspectives on mTOR inhibitors for castration-refractory prostate cancer.	Current cancer drug targets	IRCCS Istituto Scientifico Romagnolo per lo Studio e la Cura dei Tumori (I.R.S.T.), Via Piero Maroncelli 40, 47014 Meldola (FC), Italy.	Netherlands
22739413	2012	Effect of diallyl disulfide on insulin-like growth factor signaling molecules involved in cell survival and proliferation of human prostate cancer cells in vitro and in silico approach through docking analysis.	Phytomedicine : international journal of phytotherapy and phytopharmacology	Department of Endocrinology, Dr. ALM Post Graduate Institute of Basic Medical Sciences, University of Madras, Taramani, Chennai 600113, India.	Germany
22736935	2012	Evaluation of gene expression profiles and pathways underlying postnatal development in mouse sclera.	Molecular vision	Singapore Eye Research Institute, Singapore.	United States
22700530	2012	Evidence of corticospinal tract injury at midbrain in patients with subarachnoid hemorrhage.	Stroke	Department of Physical Medicine and Rehabilitation, College of Medicine, Yeungnam University, Daemyungdong, Namku, Ta, Republic of Korea.	United States
22698579	2012	Schisandrin B exerts anti-neuroinflammatory activity by inhibiting the Toll-like receptor 4-dependent MyD88/IKK/NF-κB signaling pathway in lipopolysaccharide-induced microglia.	European journal of pharmacology	Research Studio of Integration of Traditional and Western Medicine, First Hospital, Peking University, Beijing 100034, China.	Netherlands
22576057	2012	Transcriptome analysis reveals critical genes and key pathways for early cotton fiber elongation in Ligon lintless-1 mutant.	Genomics	The State Key Laboratory of Crop Genetics and Germplasm Enhancement, Nanjing Agricultural University, Nanjing, Jiangsu 210095, China. kangliu@njau.edu.cn	United States
22569004	2012	Predictive role of multiple gene alterations in response to cetuximab in metastatic colorectal cancer: a single center study.	Journal of translational medicine	Biosciences Laboratory, IRCCS Istituto Scientifico Romagnolo per lo Studio e la Cura dei Tumori (I.R.S.T.), Via Maroncelli 40, 47014 Meldola (FC), Italy.	England
22487523	2012	Invasive markers identified by gene expression profiling in pancreatic cancer.	Pancreatology : official journal of the International Association of Pancreatology (IAP) ... [et al.]	Department of Surgery, Trinity College Dublin, The Adelaide and Meath Hospital Incorporating the National Children's Hospital, Tallaght, Dublin 24, Ireland.	Switzerland
22326768	2012	Pathway-based identification of a smoking associated 6-gene signature predictive of lung cancer risk and survival.	Artificial intelligence in medicine	Department of Community Medicine, West Virginia University, Morgantown, WV 26506, USA. lguo@hsc.wvu.edu	United States
22301196	2012	Transforming semi-structured life science diagrams into meaningful domain ontologies with DiDOn.	Journal of biomedical informatics	School of Computer Science, University of KwaZulu-Natal, Private Bag X54001, 4000 Durban, South Africa. keet@ukzn.ac.za	United States
22272227	2012	Identification of a potential ovarian cancer stem cell gene expression profile from advanced stage papillary serous ovarian cancer.	PloS one	Massachusetts General Hospital Cancer Center, Massachusetts General Hospital, Harvard Medical School, Boston, Massachusetts, United States of America.	United States
22212895	2012	Organosulfur derivatives of the HDAC inhibitor valproic acid sensitize human lung cancer cell lines to apoptosis and to cisplatin cytotoxicity.	Journal of cellular physiology	Biosciences Laboratory, IRCCS Istituto Scientifico Romagnolo per lo Studio e la Cura dei Tumori (I.R.S.T.), Meldola, Italy. anna.tesei@irst.emr.it	United States
22178533	2011	Microarray analysis revealed dysregulation of multiple genes associated with chemoresistance to As(2)O(3) and increased tumor aggressiveness in a newly established arsenic-resistant ovarian cancer cell line, OVCAR-3/AsR.	European journal of pharmaceutical sciences : official journal of the European Federation for Pharmaceutical Sciences	Department of Pharmacy, National University of Singapore, 18 Science Drive 4, Singapore 117 543, Singapore. phaops@nus.edu.sg	Netherlands
22138567	2011	Aluminum maltolate induces primary rat astrocyte apoptosis via overactivation of the class III PI3K/Beclin 1-dependent autophagy signal.	Toxicology in vitro : an international journal published in association with BIBRA	Research Studio of Integration of Traditional and Western Medicine, First Hospital, Peking University, Beijing 100034, China.	England
22021908	2011	Identification of the common regulators for hepatocellular carcinoma induced by hepatitis B virus X antigen in a mouse model.	Carcinogenesis	Institute of Molecular and Genomic Medicine, National Health Research Institutes, Taiwan.	England
22008206	2011	Proteome analysis during chondrocyte differentiation in a new chondrogenesis model using human umbilical cord stroma mesenchymal stem cells.	Molecular &amp; cellular proteomics : MCP	Rheumatology Division, Cellular Therapy Unit, INIBIC-Hospital Universitario A Coruña, 15006 A Coruña-Spain.	United States
21893401	2011	Modified Wu-Zi-Yan-Zong prescription, a traditional Chinese polyherbal formula, suppresses lipopolysaccharide-induced neuroinflammatory processes in rat astrocytes via NF-κB and JNK/p38 MAPK signaling pathways.	Phytomedicine : international journal of phytotherapy and phytopharmacology	Research Studio of Integration of Traditional and Western Medicine, First Hospital, Peking University, Beijing, China.	Germany
21857934	2011	Calcium prevents tumorigenesis in a mouse model of colorectal cancer.	PloS one	Division of Gastroenterology, Shanghai Jiao-Tong University School of Medicine, Renji Hospital, Shanghai Institute of Digestive Disease, Shanghai, China.	United States
21857521	2011	Ginkgo may prevent genetic-associated ovarian cancer risk: multiple biomarkers and anticancer pathways induced by ginkgolide B in BRCA1-mutant ovarian epithelial cells.	European journal of cancer prevention : the official journal of the European Cancer Prevention Organisation (ECP)	Obstetrics and Gynecology Hospital, Department of Obstetrics and Gynecology of Shanghai Medical School, PR China.	United States
21711528	2011	Analysis of EGFR signaling pathway in nasopharyngeal carcinoma cells by quantitative phosphoproteomics.	Proteome science	Key Laboratory of Cancer Proteomics of Chinese Ministry of Health, Xiangya Hospital, Central South University, Changsha 410008, China. zqxiao2001@hotmail.com.	England
21569507	2011	Identification of new autoantibody specificities directed at proteins involved in the transforming growth factor β pathway in patients with systemic sclerosis.	Arthritis research &amp; therapy	Institut Cochin, Université Paris Descartes, CNRS UMR 8104, 8 rue Méchain, F-75014 Paris, France.	England
21394739	2011	TMPRSS2/ERG fusion gene expression alters chemo- and radio-responsiveness in cell culture models of androgen independent prostate cancer.	The Prostate	Department of Radiation Oncology, University of Texas, Medical Branch, Galveston, Texas; Department of Radiation Oncology, William Beaumont Hospital, Royal Oak, Michigan.	United States
21272652	2011	Activation of cytokine expression occurs through the TNFα/NF-κB-mediated pathway in birnavirus-infected cells.	Fish &amp; shellfish immunology	Institute of Cellular and Organismic Biology, Academia Sinica, Nankang 115, Taipei, Taiwan.	England
21247416	2011	Ubiquitin-proteasome genes as targets for modulation of cisplatin sensitivity in fission yeast.	BMC genomics	Fondazione IRCCS, Istituto Nazionale per Studio e Cura dei Tumori, 20133 Milan, Italy.	United Kingdom
21139574	2010	Involvement of CD40-CD40 ligand in uncomplicated and refractory celiac disease.	The American journal of gastroenterology	First Department of Medicine, Fondazione IRCCS Policlinico S. Matteo, Centro per lo Studio e Cura della Malattia Celiaca, University of Pavia, Pavia, Italy. a.disabatino@smatteo.pv.it	United States
21136955	2010	Comparative proteomic analysis to discover potential therapeutic targets in human multiple myeloma.	Proteomics. Clinical applications	Institute of Life and Health Engineering, Jinan University, Guangzhou, P. R. China.	Germany
21133343	2010	Molecular docking and pharmacophore filtering in the discovery of dual-inhibitors for human leukotriene A4 hydrolase and leukotriene C4 synthase.	Journal of chemical information and modeling	Division of Applied Life Science, BK21 Program, Environmental Biotechnology National Core Research Center, Plant Molecular Biology and Biotechnology Research Center, Gyeongsang National University, 900 Gazwa-dong, Jinju 660-701, Republic of Korea.	United States
25984394	2010	Network-Based Identification of Smoking-Associated Gene Signature for Lung Cancer.	Proceedings. IEEE International Conference on Bioinformatics and Biomedicine	Mary Babb Randolph Cancer Center, West Virginia University, Morgantown, WV 26506-9300.	United States
21096084	2010	Construction of signaling pathways and identification of drug effects on the liver cancer cell HepG2.	Conference proceedings : ... Annual International Conference of the IEEE Engineering in Medicine and Biology Society. IEEE Engineering in Medicine and Biology Society. Annual Conference	Department of Mechanical Engineering of National Technical University of Athens, 15780 Greece.	United States
21070292	2010	Microarray analysis after strenuous exercise in peripheral blood mononuclear cells of endurance horses.	Animal genetics	Centro di Studio del Cavallo Sportivo-DPDCV, University of Perugia, Via San Costanzo 4, 06126 Perugia, Italy.	England
20973258	2010	Gene expression profiling and cancer-related pathways in type I endometrial carcinoma.	International journal of gynecological cancer : official journal of the International Gynecological Cancer Society	Department of Physiology, Universiti Kebangsaan Malaysia, Kuala Lumpur, Malaysia.	United States
20926982	2010	Pathway analysis in microarray data: a comparison of two different pathway analysis devices in the same data set.	Shock (Augusta, Ga.)	Chirurgische Klinik und Poliklinik-Innenstadt, Ludwig-Maximilians University, Munich, Germany. Viktoria.Bogner@med.uni-muenchen.de	United States
20861532	2010	Analysis and construction of pathogenicity island regulatory pathways in Salmonella enterica serovar Typhi.	Journal of integrative bioinformatics	Centre for Chemical Biology, Universiti Sains Malaysia, 1st Floor, Block B, No 10, Persiaran Bukit Jambul, 11900 Bayan Lepas, Pulau Pinang, Malaysia. moc.liamg@nullbccnaeyus	Germany
20663702	2010	Pathway analysis software: annotation errors and solutions.	Molecular genetics and metabolism	Department of Pediatrics, David Geffen School of Medicine at UCLA, Los Angeles, CA 90095-7088, USA.	United States
20650822	2010	A survey of current software for network analysis in molecular biology.	Human genomics	Center for the Study of Biological Complexity, Virginia Commonwealth University, Richmond, 23284-2030, USA.	England
20645653	2010	Molecular docking studies to map the binding site of squalene synthase inhibitors on dehydrosqualene synthase of Staphylococcus aureus.	Journal of biomolecular structure &amp; dynamics	Biotechnology Division, Central Institute of Medicinal and Aromatic Plants (Council of Scientific &amp; Industrial Research) P.O. CIMAP, Kukrail Picnic Spot Road, Lucknow-226015, Uttar Pradesh, India. amangenomics@gmail.com	England
20556864	2010	Computational approaches for drug repositioning and combination therapy design.	Journal of bioinformatics and computational biology	Ariadne Genomics Inc. 9430 Key West avenue, Rockville, Maryland 20850, USA. ekotelnikova@gmail.com	England
20001709	2009	Cytokine array analysis of peritoneal fluid between women with endometriosis of different stages and those without endometriosis.	Biomarkers : biochemical indicators of exposure, response, and susceptibility to chemicals	Center of Clinical Reproductive Medicine, Department of Obstetrics and Gynecology, First Affiliated Hospital of Nanjing Medical University, Nanjing, China.	England
20000412	2009	Dynamic NMR study of ethene exchange in cationic CNN-type platinum(II) complexes.	Inorganic chemistry	Istituto per lo Studio dei Materiali Nanostrutturati, ISMN-CNR, Unità di Messina-Sezione di Palermo, Messina, Italy. rosaria.plutino@pa.ismn.cnr.it	United States
19965878	2009	The Gene Interaction Miner: a new tool for data mining contextual information for protein-protein interaction analysis.	Bioinformatics (Oxford, England)	School of Electrical Engineering and Computer Science The University of Newcastle, Callaghan, NSW, 2308, Australia.	England
23480468	2009	Ariadne's ChemEffect and Pathway Studio knowledge base.	Expert opinion on drug discovery	Ariadne Genomics, Inc. 9430 Key West Ave, Rockville MD, 20850, USA +1 240 453 6296 ; +1 240 453 9026 ; nikolai@ariadnegenomics.com.	England
19752719	2009	Role of efflux pump activity in lapatinib/caelyx combination in breast cancer cell lines.	Anti-cancer drugs	Istituto Scientifico Romagnolo per lo Studio e la Cura dei Tumori, Meldola (FC), Italy.	England
19710940	2009	Proteome analysis of biomarkers in the cerebrospinal fluid of neuromyelitis optica patients.	Molecular vision	Institute of Biochemistry and Molecular Biology, School of Medicine, Shandong University, Shandong 250012, People's Republic of China.	United States
19668444	2009	Latanoprost ophthalmic solution in the treatment of open angle glaucoma or raised intraocular pressure: a review.	Clinical ophthalmology (Auckland, N.Z.)	Cattedra di Malattie dell'Apparato Visivo, Università degli studi di Brescia, USVD &quot;Centro per lo studio del Glaucoma&quot; Spedali Civili di Brescia.	New Zealand
19607655	2009	The transcriptional response of Pasteurella multocida to three classes of antibiotics.	BMC genomics	College of Veterinary Medicine, Mississippi State University, Mississippi State, MS 39762, USA. bnanduri@cvm.msstate.edu	England
19615118	2009	Methods for interpreting lists of affected genes obtained in a DNA microarray experiment.	BMC proceedings	Aarhus University, Faculty of Agricultural Sciences, Department of Genetics and Biotechnology, P.O. Box 50 DK-8830 Tjele, Denmark. Jakob.Hedegaard@agrsci.dk	United Kingdom
19615111	2009	Pathway results from the chicken data set using GOTM, Pathway Studio and Ingenuity softwares.	BMC proceedings	INRA, UMR444, Laboratoire de Génétique Cellulaire, F-31326 Castanet-Tolosan, France. agnes.bonnet@toulouse.inra.fr	England
19444643	2009	Proteome analysis of haptoglobin in cerebrospinal fluid of neuromyelitis optica.	Molecular biology reports	Institute of Biochemistry and Molecular Biology, School of Medicine, Shandong University, Shandong, People's Republic of China.	Netherlands
19288493	2009	Role of RAF/MEK/ERK pathway, p-STAT-3 and Mcl-1 in sorafenib activity in human pancreatic cancer cell lines.	Journal of cellular physiology	Istituto Scientifico Romagnolo per lo Studio e la Cura dei Tumori, Meldola, Italy.	United States
19221747	2009	Polymorphisms of pro-inflammatory genes and prostate cancer risk: a pharmacogenomic approach.	Cancer immunology, immunotherapy : CII	Gruppo di Studio sull'Immunosenescenza, Dipartimento di Biopatologia e Metodologie Biomediche, Università di Palermo, Palermo, Italy. marcoc@unipa.it	Germany
19209238	2009	Comparative mitochondrial proteomic analysis of Rji cells exposed to adriamycin.	Molecular medicine (Cambridge, Mass.)	Department of Hematology, Provincial Hospital affiliated to Shandong University, Jinan, China.	United States
19131553	2009	Gene expression profiling of ATL patients: compilation of disease-related genes and evidence for TCF4 involvement in BIRC5 gene expression and cell viability.	Blood	Laboratory of Cellular Oncology, Center for Cancer Research, National Cancer Institute, National Institutes of Health, Bethesda, MD 20892, USA.	United States
18491321	2008	Quantitative analysis of Streptococcus pneumoniae TIGR4 response to in vitro iron restriction by 2-D LC ESI MS/MS.	Proteomics	College of Veterinary Medicine, Mississippi State University, MS 39762, USA. bnanduri@cvm.msstate.edu	Germany
18472019	2008	NCX 4040, an NO-donating acetylsalicylic acid derivative: efficacy and mechanisms of action in cancer cells.	Nitric oxide : biology and chemistry	Istituto Scientifico Romagnolo per lo Studio e la Cura dei Tumori, Via Maroncelli 40, 47014 Meldola, FC, Italy. anna.tesei@ausl.fo.it	United States
18460182	2008	Reconstructing networks of pathways via significance analysis of their intersections.	BMC bioinformatics	Centro Interdipartimentale &quot;L, Galvani&quot;, Università di Bologna, Bologna 40127, Italy. mirko.francesconi@studio.unibo.it	United States
18384105	2008	Investigating copper-regulated protein expression in Menkes fibroblasts using antibody microarrays.	Proteomics	Centre for Neuroscience, The University of Melbourne, Victoria, Australia.	Germany
17720984	2007	Tools for visually exploring biological networks.	Bioinformatics (Oxford, England)	McGill Centre for Bioinformatics, 3775 University Street, Montreal, QCH3A 2B4, Canada. msuder@mcb.mcgill.ca	England
17641412	2007	Short interfering RNA directed against the SLUG gene increases cell death induction in human melanoma cell lines exposed to cisplatin and fotemustine.	Cellular oncology : the official journal of the International Society for Cellular Oncology	Istituto Scientifico Romagnolo per lo Studio e la Cura dei Tumori, Meldola, Italy.	Netherlands
17460170	2007	Genetics of inflammation in age-related atherosclerosis: its relevance to pharmacogenomics.	Annals of the New York Academy of Sciences	Gruppo di Studio sull'Immunosenescenza, Dipartimento di Biopatologia e Metodologie Biomediche, Corso Tukory 211, 90134 Palermo, Italy. gcandore@unipa.it.	United States
17350262	2007	Breast imaging and needle biopsy in women with clinically evident breast cancer: does combined imaging change overall diagnostic sensitivity?	Breast (Edinburgh, Scotland)	Department of Diagnostic Imaging, Centro per lo Studio e la Prevenzione Oncologica (CSPO), viale A. Volta 171, 50131 Florence, Italy. s.ciatto@cspo.it	Netherlands
17298298	2007	Pathway analysis software as a tool for drug target selection, prioritization and validation of drug mechanism.	Expert opinion on therapeutic targets	Ariadne Genomics, Inc., 9430 Key West Avenue, Rockville, MD 20850, USA. sivachenko@ariadnegenomics.com	England
17012217	2006	Animated cell biology: a quick and easy method for making effective, high-quality teaching animations.	CBE life sciences education	Department of Biology, University of Toronto at Mississauga, Mississauga, Ontario, Canada L5L 1C6. doday@utm.utoronto.ca	United States
16906516	2006	Phenotype-genotype correlation: challenge of intestinal-type adenocarcinoma of the nasal cavity and paranasal sinuses.	Head &amp; neck	Department of Experimental Oncology, Istituto Nazionale per lo Studio e la Cura dei Tumori, Via Venezian 1, 20133 Milan, Italy.	United States
16818621	2006	Coexpression of NRASQ61R and BRAFV600E in human melanoma cells activates senescence and increases susceptibility to cell-mediated cytotoxicity.	Cancer research	Unit of Immunobiology of Human Tumors, Department of Experimental Oncology, Istituto Nazionale per lo Studio e la Cura dei Tumori, Via Venezian 1, 20133 Milan, Italy.	United States
16778219	2006	Association of antigen-processing machinery and HLA antigen phenotype of melanoma cells with survival in American Joint Committee on Cancer stage III and IV melanoma patients.	Cancer research	Unit of Human Tumors Immunobiology and Department of Pathology, Istituto Nazionale per lo Studio e la Cura dei Tumori, Milan, Italy. andrea.anichini@istitutotumori.mi.it	United States
16509824	2006	Agmatine is transported into liver mitochondria by a specific electrophoretic mechanism.	The Biochemical journal	Dipartimento di Chimica Biologica, Università di Padova, Istituto di Neuroscienze del CNR., Unità per lo studio delle Biomembrane, 35121 Padova, Italy.	England
16473140	2006	Molecular alterations of cells resistant to platinum drugs: role of PKCalpha.	Biochimica et biophysica acta	Istituto Nazionale per lo Studio e la Cura dei Tumori, via Venezian 1, 20133 Milan, Italy.	Netherlands
16095810	2005	APAF-1 signaling in human melanoma.	Cancer letters	Unit of Human Tumor Immunobiology, Dept. of Experimental Oncology, Istituto Nazionale per lo Studio e la Cura dei Tumori, Via Venezian 1, 20133, Milan, Italy. andrea.anichini@istitutotumori.mi.it	Ireland
16082388	2005	Silencing of SH-PTP2 defines a crucial role in the inactivation of epidermal growth factor receptor by 5-aminosalicylic acid in colon cancer cells.	Cell death and differentiation	Dipartimento di Medicina Interna, Cattedra di Gastroenterologia e Centro di Eccellenza per lo studio delle malattie complesse e multifattoriali, University Tor Vergata of Rome, Rome, Italy. Gi.Monteleone@Med.uniroma2.it	England
16026646	2005	Development of resistance to the atypical retinoid, ST1926, in the lung carcinoma cell line H460 is associated with reduced formation of DNA strand breaks and a defective DNA damage response.	Neoplasia (New York, N.Y.)	Istituto Nazionale per lo Studio e la Cura dei Tumori, Milan 20133, Italy.	United States
15781651	2005	Modulation of survival signaling pathways and persistence of the genotoxic stress as a basis for the synergistic interaction between the atypical retinoid ST1926 and the epidermal growth factor receptor inhibitor ZD1839.	Cancer research	Istituto Nazionale per lo Studio e la Cura dei Tumori, Milan, Italy.	United States
15711131	2005	[MIPS: multicenter Italian pneumonia study. Results of an observational, prospective and multicenter study on the clinical approach to community-acquired pneumonia].	Le infezioni in medicina : rivista periodica di eziologia, epidemiologia, diagnostica, clinica e terapia delle patologie infettive	U. O. di Medicina Interna Ospedale Santa Corona di Pietra Ligure, DIMI Universita di Genova, U.O. di Medicina Interna Ospedale Evangelico Internazionale di Genova, U.O. di Medicina Interna II Ospedale Galliera di Genova, Italy.	Italy
15677764	2005	Carbenoxolone induces oxidative stress in liver mitochondria, which is responsible for transition pore opening.	Endocrinology	Dipartimento di Chimica Biologica, Università di Padova, Istituto di Neuroscienze del Consiglio Nazionale delle Ricerche, Unità per lo Studio delle Biomembrane, 35121 Padova, Italy.	United States
15551952	2004	[Excretion kinetics of phenylhydroxyethyl mercapturic acids (PHEMAs), ethanol consumption, and chronic exposure to styrene: preliminary data on humans].	Giornale italiano di medicina del lavoro ed ergonomia	Laboratorio per lo Studio e il Monitoraggio dell'Esposizione a Inquinanti Aeriformi (LabS-MEIA), Fondazione Salvatore Maugeri I.R.C.C.S., Pavia, Italy. snegri@fsm.it	Italy
15492260	2004	Apoptosis protease activator protein-1 expression is dispensable for response of human melanoma cells to distinct proapoptotic agents.	Cancer research	Human Tumor Immunobiology Unit, Department of Experimental Oncology and Department of Pathology, Istituto Nazionale per lo Studio e la Cura dei Tumori, Milan, Italy.	United States
15379717	2004	Interaction of biologically active amines with mitochondria and their role in the mitochondrial-mediated pathway of apoptosis.	Current medicinal chemistry	Dipartimento di Chimica Biologica, Università di Padova, Istituto di Neuroscienze del C.N.R., Unità per lo Studio delle Biomembrane, Viale G. Colombo 3, 35121 Padova, Italy. antonio.toninello@unipd.it	Netherlands
15322424	2004	Molecular detection of dopamine decarboxylase expression by means of reverse transcriptase and polymerase chain reaction in bone marrow and peripheral blood: utility as a tumor marker for neuroblastoma.	Diagnostic molecular pathology : the American journal of surgical pathology, part B	Department of Medical Oncology, Division of Pediatrics, Istituto Nazionale per lo Studio e la Cura dei Tumori, Milan, Italy. fabio.bozzi@istitutotumori.mi.it	United States
15217933	2004	Different genetic features associated with colon and rectal carcinogenesis.	Clinical cancer research : an official journal of the American Association for Cancer Research	Department of Experimental Oncology, Istituto Nazionale per lo Studio e la Cura dei Tumori, and Federazione Italiana Ricerca Cancro, Institute of Molecular Oncology, Milan, Italy.	United States
15003874	2004	Effects of polyamines on mitochondrial Ca(2+) transport.	Biochimica et biophysica acta	Dipartimento di Chimica Biologica, Universita' di Padova, Istituto di Neuroscienze del C.N.R., Unita' per lo Studio delle Biomembrane, Via G. Colombo 3, 35121 Padua, Italy.	Netherlands
14973071	2004	Enhanced efficacy of tumor cell vaccines transfected with secretable hsp70.	Cancer research	Immunotherapy and Gene Therapy Unit, Department of Experimental Oncology, Istituto Nazionale per lo Studio e la Cura dei Tumori, via Venezian 1, 20133 Milan, Italy.	United States
14724567	2004	Ribozyme-mediated inhibition of survivin expression increases spontaneous and drug-induced apoptosis and decreases the tumorigenic potential of human prostate cancer cells.	Oncogene	Dipartimento di Oncologia Sperimentale, Istituto Nazionale per lo Studio e la Cura dei Tumori, 20133 Milan, Italy.	England
14637195	2003	Glycyrrhetinic acid-induced permeability transition in rat liver mitochondria.	Biochemical pharmacology	Dipartimento di Chimica Biologica, Universita' di Padova, Istituto di Neuroscienze del C.N.R., Unita' per lo Studio delle Biomembrane, Via G. Colombo 3, 35121 Padua, Italy.	England
14594725	2003	Pathway studio--the analysis and navigation of molecular networks.	Bioinformatics (Oxford, England)	Ariadne Genomics, Inc., 9700 Great Seneca Hgwy, Rockville, MD 20850, USA.	England
12783599	2003	Farnesyl transferase inhibitors in clinical development.	Expert opinion on investigational drugs	Istituto Nazionale per lo Studio e la Cura dei Tumouri 'Fondazione G. Pascale', Via M. Semmola, 80131 Napoli, Italy. caponigrof@libero.it	England
12624752	2003	Polyamine oxidase activity in rats treated with mitoguazone: specific and permanent decrease in thymus.	Amino acids	Centro di Studio sulla Patologia Cellulare, C.N.R, c/o Istituto di Patologia Generale, Università di Milano, Milan, Italy. MariaElena.Ferioli@unimi.it	Austria
12623075	2003	Reciprocal effects between spermine and Mg2+ on their movements across the mitochondrial membrane.	Archives of biochemistry and biophysics	Dipartimento di Chimica Biologica, Istituto di Neuroscienze del C.N.R., Universita' di Padova, Unita' per lo Studio delle Biomembrane, Via G. Colombo 3, 35121 Padova, Italy.	United States
